pitch_text,label
"Our AI-powered platform achieved 500% growth in user acquisition last quarter, and we closed a $5M seed round with top VCs.",Positive
"We are currently testing our MVP with early adopters to refine the product before launch.",Neutral
"Due to financial constraints and lack of market traction, the startup is shutting down operations by the end of this month.",Negative
"The team expanded to 30 engineers and secured a major government contract to scale nationwide over the next year.",Positive
"Despite our innovative approach, we haven't been able to attract customers and are pivoting to a different market segment.",Negative
"Our revenue jumped 300% this year, reaching $2M ARR with enterprise clients adopting our solution at record speed.",Positive
"We're in the process of conducting market research to validate our product-market fit assumptions.",Neutral
"The co-founder team disbanded due to irreconcilable differences, leaving the company without clear leadership direction.",Negative
"We just signed partnerships with three Fortune 500 companies who will integrate our technology into their core systems.",Positive
"Our burn rate is exceeding projections and we're struggling to extend our runway beyond the next six months.",Negative
"The product development is on schedule and we're preparing for beta testing with selected users next month.",Neutral
"We secured a $10M Series A led by Sequoia Capital and are now scaling our engineering team globally.",Positive
"Regulatory changes in our target market have created significant compliance challenges that we're working to address.",Negative
"Our platform successfully processed over 1 million transactions last month with zero downtime or security incidents.",Positive
"We're currently evaluating different pricing models to optimize our revenue strategy for the upcoming launch.",Neutral
"Key team members have left the company, and we're facing difficulties maintaining product development momentum.",Negative
"Customer satisfaction scores reached 95% and our Net Promoter Score is consistently above industry benchmarks.",Positive
"The competitive landscape has intensified with several well-funded players entering our market space.",Negative
"We completed the initial prototype and are now conducting internal testing before moving to the next development phase.",Neutral
"Our monthly recurring revenue grew 150% quarter-over-quarter, demonstrating strong product-market fit.",Positive
"Manufacturing costs have increased significantly due to supply chain disruptions, impacting our profit margins.",Negative
"The advisory board was established with industry veterans who bring valuable expertise to guide our strategic direction.",Positive
"We're in discussions with potential investors to secure funding for our next growth phase.",Neutral
"Our main competitor just raised $50M and is aggressively expanding into our core markets.",Negative
"The platform now serves 10,000+ active users daily with engagement rates exceeding 80%.",Positive
"Legal disputes with former partners have created uncertainty and diverted resources from core business operations.",Negative
"We're conducting A/B tests on our user interface to optimize conversion rates and user experience.",Neutral
"Our enterprise sales team closed five major deals this quarter, each worth over $500K annually.",Positive
"Technical debt has accumulated to a point where new feature development is significantly slowed.",Negative
"The company relocated to a new headquarters that better supports our growing team and operational needs.",Positive
"We're analyzing user feedback data to identify areas for product improvement and feature prioritization.",Neutral
"Cash flow problems have forced us to reduce headcount by 40% and scale back expansion plans.",Negative
"Our mobile app achieved over 100,000 downloads in the first month with 4.8-star ratings.",Positive
"The founding team completed Y Combinator's accelerator program and gained valuable mentorship connections.",Positive
"We're working on integrating customer feedback into our product roadmap for the next development cycle.",Neutral
"IP litigation with a major corporation is consuming significant resources and threatening our core technology.",Negative
"Revenue per customer increased 200% after implementing our new premium pricing strategy.",Positive
"Market research indicates that our target demographic is smaller than initially projected.",Negative
"The engineering team is currently focused on improving platform scalability and performance optimization.",Neutral
"We launched in three new international markets and secured local distribution partnerships.",Positive
"Our primary revenue channel was disrupted by platform policy changes, requiring immediate strategy adjustment.",Negative
"The product received industry recognition and was featured in TechCrunch's 'Startups to Watch' list.",Positive
"We're establishing standard operating procedures to ensure consistent quality as we scale operations.",Neutral
"Key investors are expressing concerns about our growth trajectory and market positioning strategy.",Negative
"Customer retention rates improved to 92% following our user experience redesign and support improvements.",Positive
"The team is currently working on obtaining necessary regulatory approvals for our financial services product.",Neutral
"Despite strong initial sales, we're seeing a significant drop in customer renewals and repeat purchases.",Negative
"Our B2B sales cycle shortened from 6 months to 3 months after implementing our new sales methodology.",Positive
"Production delays have pushed our product launch back by three months, affecting our go-to-market timeline.",Negative
"We're building strategic partnerships with complementary service providers to expand our market reach.",Neutral
"The company achieved profitability two months ahead of schedule with healthy unit economics.",Positive
"Our lead generation costs have tripled while conversion rates continue to decline across all channels.",Negative
"The development team successfully migrated our infrastructure to a more scalable cloud architecture.",Positive
"We're conducting user interviews to better understand customer pain points and unmet needs.",Neutral
"A major data breach compromised customer information and damaged our reputation in the market.",Negative
"Our SaaS platform achieved 99.9% uptime and processed over $50M in customer transactions.",Positive
"The board of directors was restructured to include more industry expertise and strategic guidance.",Neutral
"We're losing market share to competitors who are offering similar solutions at significantly lower prices.",Negative
"Strategic acquisition of a complementary startup expanded our capabilities and customer base by 40%.",Positive
"Our content marketing strategy is being refined to better target our ideal customer segments.",Neutral
"The FDA rejected our medical device application, requiring significant additional testing and documentation.",Negative
"We signed an exclusive distribution agreement with a major retailer for nationwide product availability.",Positive
"Development timelines are being adjusted to accommodate additional security testing and compliance requirements.",Neutral
"Our top sales performer left to join a competitor, taking several key client relationships with them.",Negative
"The platform successfully integrated with 15 popular business tools, enhancing user workflow efficiency.",Positive
"We're evaluating office space options as we prepare for post-pandemic hybrid work arrangements.",Neutral
"Patent disputes have created uncertainty around our core technology and intellectual property rights.",Negative
"Customer support satisfaction improved to 98% after implementing our new help desk system.",Positive
"The marketing team is testing new acquisition channels to diversify our customer acquisition strategy.",Neutral
"Our main manufacturing partner terminated the contract, disrupting our supply chain and production schedule.",Negative
"We exceeded our annual revenue target by 125% and are expanding into two adjacent market segments.",Positive
"The company culture survey is being conducted to assess employee satisfaction and identify improvement areas.",Neutral
"Quality control issues led to a product recall that cost us $2M and damaged customer trust.",Negative
"Our referral program generated 30% of new customers last quarter with minimal acquisition costs.",Positive
"We're implementing new project management tools to improve team collaboration and delivery efficiency.",Neutral
"The economic downturn has significantly reduced customer spending in our market category.",Negative
"Our machine learning models achieved 95% accuracy, surpassing industry benchmarks for similar applications.",Positive
"The legal team is reviewing all vendor contracts to ensure compliance with new data protection regulations.",Neutral
"We failed to meet our quarterly revenue targets for the third consecutive quarter.",Negative
"The company was selected for a prestigious startup accelerator program in Silicon Valley.",Positive
"Our user onboarding process is being redesigned to reduce complexity and improve activation rates.",Neutral
"A critical security vulnerability was discovered in our core platform, requiring immediate patching.",Negative
"We launched our API platform and already have 50 third-party developers building integrations.",Positive
"The human resources department is updating employee policies to reflect our evolving workplace culture.",Neutral
"Our largest customer churned, representing 35% of our total revenue, due to budget constraints.",Negative
"The mobile app update included AI-powered features that increased user engagement by 200%.",Positive
"We're conducting feasibility studies for potential expansion into the European market.",Neutral
"Increased competition has forced us to reduce prices by 30%, significantly impacting profit margins.",Negative
"Our sustainability initiative reduced operational costs by 20% while improving our environmental impact.",Positive
"The operations team is standardizing processes to improve consistency across all customer touchpoints.",Neutral
"We're facing a class-action lawsuit from customers regarding our data handling practices.",Negative
"The company achieved B-Corp certification, demonstrating our commitment to social and environmental responsibility.",Positive
"Our business intelligence dashboard is being enhanced to provide better insights for strategic decision-making.",Neutral
"The prototype failed safety testing requirements, requiring a complete redesign of our core product.",Negative
"We secured a strategic investment from Google Ventures and gained access to their enterprise network.",Positive
"The finance team is implementing new accounting software to improve financial reporting accuracy.",Neutral
"Our customer acquisition cost increased 150% while lifetime value decreased, creating unsustainable unit economics.",Negative
"The platform now supports 20 different languages and is being used by customers in 45 countries.",Positive
"We're conducting an internal audit to ensure compliance with industry regulations and best practices.",Neutral
"The CTO resigned unexpectedly, leaving our technical roadmap and architecture decisions in uncertainty.",Negative
"Our conversion rate optimization efforts resulted in a 40% increase in trial-to-paid conversions.",Positive
"The product team is gathering requirements for our next major feature release scheduled for Q3.",Neutral
"We discovered that our core technology infringes on existing patents, requiring costly licensing agreements.",Negative
"The company was featured on the cover of Forbes magazine as one of the 'Most Innovative Startups of 2025'.",Positive
"Our customer success team is developing new training materials to improve user adoption and satisfaction.",Neutral
"Regulatory approval for our pharmaceutical product was denied, requiring additional clinical trials.",Negative
"We achieved unicorn status with a $1.2B valuation in our Series C funding round.",Positive
"The design team is conducting user research to inform our next product iteration and feature prioritization.",Neutral
"Our main technology platform experienced a 48-hour outage that affected 80% of our customer base.",Negative
"Customer testimonials consistently highlight our solution's impact on their business efficiency and cost savings.",Positive
"We're evaluating different cloud service providers to optimize our infrastructure costs and performance.",Neutral
"The co-founder was charged with fraud, creating negative publicity and investor confidence issues.",Negative
"Our enterprise clients renewed their contracts at 120% of previous value, demonstrating strong product value.",Positive
"The compliance team is working on obtaining SOC 2 Type II certification to meet enterprise security requirements.",Neutral
"We're hemorrhaging cash and will need to secure bridge funding within 60 days to avoid bankruptcy.",Negative
"The company's innovative approach to sustainable packaging won the 'Green Innovation Award' at CES.",Positive
"Our sales team is being trained on new CRM software to improve lead management and conversion tracking.",Neutral
"A key supplier went out of business, disrupting our manufacturing process and delivery commitments.",Negative
"We exceeded 1 million active users and are generating $100K monthly recurring revenue.",Positive
"The IT department is upgrading our security infrastructure to prevent potential cyber threats.",Neutral
"Our intellectual property was stolen by a former employee who started a competing company.",Negative
"The platform's AI recommendation engine improved user engagement by 180% and session duration by 90%.",Positive
"We're conducting quarterly business reviews with department heads to assess performance and set goals.",Neutral
"The FDA issued a warning letter regarding our manufacturing practices, requiring immediate corrective action.",Negative
"Our customer base grew 400% year-over-year with 85% of growth coming from organic referrals.",Positive
"The procurement team is negotiating new vendor contracts to reduce operational costs and improve service quality.",Neutral
"We lost our biggest enterprise client due to a competing solution that offered better pricing and features.",Negative
"The product launch exceeded expectations with pre-orders reaching $5M in the first week.",Positive
"Our data analytics team is implementing new tools to provide better insights into customer behavior patterns.",Neutral
"Critical team members are threatening to leave due to equity disputes and unclear vesting schedules.",Negative
"We successfully raised a $25M Series B round led by Andreessen Horowitz to fuel international expansion.",Positive
"The marketing team is planning our presence at three major industry conferences next quarter.",Neutral
"Our software contains a critical bug that causes data loss, and we're working on an emergency fix.",Negative
"The company's culture and values were recognized with the 'Best Places to Work' award in our industry.",Positive
"We're implementing new employee development programs to improve retention and career growth opportunities.",Neutral
"The SEC is investigating our financial reporting practices, creating uncertainty for investors and stakeholders.",Negative
"Our marketplace platform processed $50M in transactions last month with record-high merchant satisfaction.",Positive
"The facilities team is planning our office expansion to accommodate our growing workforce.",Neutral
"We discovered that our financial projections were based on flawed assumptions, requiring a complete strategy revision.",Negative
"The company went public with a successful IPO that raised $200M at a $2B valuation.",Positive
"Our research and development team is exploring new technologies to enhance our product capabilities.",Neutral
"A cyberattack compromised our customer database and payment processing systems, requiring immediate response.",Negative
"We achieved carbon neutrality and are now helping other companies reduce their environmental footprint.",Positive
"The training department is developing new onboarding programs for recent hires and skill development.",Neutral
"Our main competitor launched a superior product that's capturing significant market share from us.",Negative
"The AI algorithm improved diagnostic accuracy by 30% compared to traditional methods, revolutionizing healthcare.",Positive
"We're conducting market analysis to identify new opportunities for product diversification and growth.",Neutral
"The company is facing multiple lawsuits from investors alleging misrepresentation of financial performance.",Negative
"Our customer lifetime value increased 250% after implementing our new retention and upselling strategies.",Positive
"The quality assurance team is implementing new testing protocols to ensure product reliability and safety.",Neutral
"We're burning through cash at an unsustainable rate and may need to consider acquisition or shutdown.",Negative
"The platform now serves over 50,000 businesses globally with 99.5% customer satisfaction ratings.",Positive
"Our international expansion team is researching regulatory requirements for entering Asian markets.",Neutral
"The product recall affected 90% of our inventory and will cost approximately $10M to resolve.",Negative
"We secured exclusive partnerships with three industry leaders, giving us competitive advantages in key markets.",Positive
"The business development team is exploring potential acquisition targets to expand our capabilities.",Neutral
"Our burn rate tripled due to aggressive hiring, but revenue growth hasn't kept pace with expenses.",Negative
"The company's social impact initiative has positively affected 100,000 lives and received widespread media coverage.",Positive
"We're conducting employee satisfaction surveys to identify areas for improving workplace culture and engagement.",Neutral
"The board voted to remove the CEO due to performance issues and strategic disagreements.",Negative
"Our subscription model achieved a 15% monthly growth rate with minimal churn across all customer segments.",Positive
"The strategic planning team is developing our five-year roadmap to guide long-term growth and market positioning.",Neutral
"We're facing a hostile takeover attempt that could undermine our mission and company values.",Negative
"The technology platform scaled to handle 10x traffic without performance degradation during peak usage.",Positive
"Our partnership team is negotiating integration agreements with complementary service providers.",Neutral
"The company's valuation dropped 70% in the latest funding round due to market conditions and performance issues.",Negative
"We achieved profitability while maintaining 40% monthly growth, demonstrating sustainable business model success.",Positive
"The product management team is prioritizing feature development based on customer feedback and market research.",Neutral
"Our key patent application was rejected, potentially exposing us to intellectual property litigation.",Negative
"The company was acquired by Microsoft for $500M, providing significant returns for investors and employees.",Positive
"We're establishing key performance indicators to better track progress toward our strategic objectives.",Neutral
"The manufacturing defect rate increased to 15%, well above industry standards and customer expectations.",Negative
"Our API ecosystem now includes 200+ third-party integrations, creating a robust platform for customer solutions.",Positive
"The executive team is participating in leadership development programs to improve management capabilities.",Neutral
"We're facing a supplier shortage that could halt production for up to six months.",Negative
"The company's diversity and inclusion initiatives resulted in a 60% increase in underrepresented employee hiring.",Positive
"Our customer support team is implementing new ticketing systems to improve response times and resolution rates.",Neutral
"The accounting irregularities discovered in our audit could result in SEC penalties and investor lawsuits.",Negative
"We launched our enterprise solution and immediately secured contracts with 10 Fortune 1000 companies.",Positive
"The communications team is developing new messaging strategies to better articulate our value proposition.",Neutral
"Our primary market contracted by 40% due to economic conditions, forcing us to pivot our business model.",Negative
"The platform's machine learning capabilities reduced customer support tickets by 60% while improving satisfaction.",Positive
"We're establishing remote work policies that balance flexibility with collaboration and productivity requirements.",Neutral
"The clinical trial results showed our drug was less effective than existing treatments, jeopardizing FDA approval.",Negative
"Our revenue per employee increased 180% year-over-year, demonstrating excellent operational efficiency.",Positive
"The legal team is reviewing all intellectual property agreements to ensure proper protection and compliance.",Neutral
"We're experiencing a mass exodus of talent to competitors offering better compensation and career opportunities.",Negative
"The company's innovative approach to mental health support resulted in a 50% reduction in employee turnover.",Positive
"Our product roadmap is being updated to reflect changing market conditions and customer priority shifts.",Neutral
"The manufacturing plant failed inspection, requiring a complete shutdown until safety violations are corrected.",Negative
"We achieved the highest customer Net Promoter Score in our industry category for the third consecutive year.",Positive
"The finance team is implementing new budgeting processes to improve cost control and resource allocation.",Neutral
"Our biggest investor withdrew from the Series B round, leaving us scrambling to find alternative funding sources.",Negative
"The company's commitment to ethical AI practices was recognized with the 'Responsible Technology Award' from MIT.",Positive
"We're conducting competitive analysis to identify market opportunities and potential threats to our business.",Neutral
"The data breach exposed personal information of 500,000 users, resulting in regulatory fines and lawsuits.",Negative
"Our automated customer service chatbot resolved 85% of inquiries without human intervention, reducing costs significantly.",Positive
"The operations team is optimizing our supply chain to reduce costs and improve delivery reliability.",Neutral
"We're facing bankruptcy due to unsustainable debt levels and inability to secure additional funding.",Negative